"FileName","RelativePath","Sha256"
"approval-diff-report-20260602_124521.json",".\approval-diff-report-20260602_124521.json","e14ffb2651e5b6e7321ce361eef97c056eb0012b065e4eec10ddd79ed27f1f17"
"client-handoff-index-20260602_124521.md",".\client-handoff-index-20260602_124521.md","0b2b90d8fa496a846a670797aba6ce8bca4d61030990e9e0aacbb4e885f0c096"
"client-handoff-manifest-20260602_124521.json",".\client-handoff-manifest-20260602_124521.json","b0af701d2c3b290358e149f53787eaa7e4955ba52b0404f1db2c3cdee93817be"
"entra-decommissioning-control-plane-assessment-20260602_124520.csv",".\entra-decommissioning-control-plane-assessment-20260602_124520.csv","b4dcaa594020c0dc226f9b072f670f2204db8cf602de39911c9b31421a08ddd7"
"entra-decommissioning-control-plane-findings-20260602_124520.json",".\entra-decommissioning-control-plane-findings-20260602_124520.json","dd658e120db6ed131999f30ea4962d4b9a9b7f3a46ac3c1d3dcff79195fb0304"
"entra-decommissioning-control-plane-remediation-plan-20260602_124520.md",".\entra-decommissioning-control-plane-remediation-plan-20260602_124520.md","292e98912de4c13fa4012ebba0c8394bbd6f9bd400efa890d432af8caf54f804"
"entra-decommissioning-control-plane-report-20260602_124520.html",".\entra-decommissioning-control-plane-report-20260602_124520.html","db012c0214a69d28cdad3415c70863627357ba9ab2e998efdfbb0eef676292da"
"entra-decommissioning-control-plane-run-manifest-20260602_124520.json",".\entra-decommissioning-control-plane-run-manifest-20260602_124520.json","62d73884ee8a40654329878196961f427b95817931aa93aa876e1ed18bbf07a1"
"redaction-report-20260602_124521.json",".\redaction-report-20260602_124521.json","d8b633a9a348fd1748b866e584fca7f96daac8553dc8aea1d21de70251094812"
"replay-validation-report-2adb7aa7-0e96-419b-a09c-1fb56a559137-20260602_124521.json",".\replay-validation-report-2adb7aa7-0e96-419b-a09c-1fb56a559137-20260602_124521.json","b35b7e6867aba33b617a4bd53c5e85e6aa261b9f40a62672c63a1b84f64a7471"
"rev35-readiness-report-20260602_124521.json",".\rev35-readiness-report-20260602_124521.json","1761562a04203301a56b72223c4274eed5c32ff6c9040ec2a389a464342b8f15"
"traceability-report-20260602_124521.csv",".\traceability-report-20260602_124521.csv","716f5966cdf510c80ee1f8797da0ee2fd4f259f8a8d8bd04e7b4fa2b0d554e79"
"traceability-report-20260602_124521.json",".\traceability-report-20260602_124521.json","7768b79bd896beb390edaaf5280e9bad9b59c4bf4f9c1ca7a9c4ace7556e9c2e"
